<?xml version = '1.0' encoding = 'UTF-8'?>
<Relation class="oracle.dbtools.crest.model.design.logical.Relation" name="Relation_6" directorySegmentName="seg_0" id="D554D00A-F82C-BB6C-ED1E-FE13DE68958B">
<createdBy>Carlos</createdBy>
<createdTime>2024-09-02 18:21:09 UTC</createdTime>
<ownerDesignName>servicios automotrices</ownerDesignName>
<engineerTo>
<item key="25BCEEE2-D686-7348-1202-8186DED6A726" value="true"/>
</engineerTo>
<sourcePk>965E9EE5-7FA6-D3CC-46C0-30B5634B1386</sourcePk>
<identifying>false</identifying>
<optionalSource>false</optionalSource>
<optionalTarget>false</optionalTarget>
<sourceCardinality>1</sourceCardinality>
<sourceEntity>6A231D53-1347-C25F-8010-6D1E1AD0649E</sourceEntity>
<targetCardinalityString>*</targetCardinalityString>
<targetEntity>E097596F-4712-F52D-4AF3-EAE2417BA189</targetEntity>
<transferable>true</transferable>
<deleteRule>NO ACTION</deleteRule>
</Relation>