<?xml version = '1.0' encoding = 'UTF-8'?>
<Relation class="oracle.dbtools.crest.model.design.logical.Relation" name="Relation_5" directorySegmentName="seg_0" id="E165BF15-035A-C3B9-4FBD-98FC8F4BFA73">
<createdBy>Carlos</createdBy>
<createdTime>2024-09-02 18:20:52 UTC</createdTime>
<ownerDesignName>servicios automotrices</ownerDesignName>
<engineerTo>
<item key="25BCEEE2-D686-7348-1202-8186DED6A726" value="true"/>
</engineerTo>
<sourcePk>0CFF9C0D-9EA6-D67C-2636-B09C1A503EEB</sourcePk>
<identifying>false</identifying>
<optionalSource>false</optionalSource>
<optionalTarget>false</optionalTarget>
<sourceCardinality>1</sourceCardinality>
<sourceEntity>72A5034A-413C-5920-AAEC-3CCED00539F0</sourceEntity>
<targetCardinalityString>*</targetCardinalityString>
<targetEntity>6A231D53-1347-C25F-8010-6D1E1AD0649E</targetEntity>
<transferable>true</transferable>
<deleteRule>NO ACTION</deleteRule>
</Relation>