<?xml version = '1.0' encoding = 'UTF-8'?>
<Table class="oracle.dbtools.crest.model.design.relational.Table" directorySegmentName="seg_0" id="8B3B5CF5-DB27-1E76-0238-E4FE428AF9B4" name="ORDEN_DE_ATENCION">
<createdBy>Carlos</createdBy>
<createdTime>2024-09-02 20:50:24 UTC</createdTime>
<generatorID>6A231D53-1347-C25F-8010-6D1E1AD0649E</generatorID>
<ownerDesignName>servicios automotrices</ownerDesignName>
<allowColumnReorder>false</allowColumnReorder>
<existDependencyGenerateInDDl>true</existDependencyGenerateInDDl>
<parsed>true</parsed>
<columns itemClass="oracle.dbtools.crest.model.design.relational.Column">
<Column name="id_orden" id="2FB4738E-F79D-AA7C-9A85-B0495AB4F752">
<createdBy>Carlos</createdBy>
<createdTime>2024-09-02 20:50:24 UTC</createdTime>
<generatorID>B704FF4B-87D8-9DE0-872C-94FB42C495AB</generatorID>
<ownerDesignName>servicios automotrices</ownerDesignName>
<useDomainConstraints>false</useDomainConstraints>
<use>1</use>
<logicalDatatype>LOGDT011</logicalDatatype>
<ownDataTypeParameters>,,</ownDataTypeParameters>
<autoIncrementCycle>false</autoIncrementCycle>
</Column>
<Column name="fecha_ingreso" id="DA927E3A-2B66-EA75-583C-35DCCC52E006">
<createdBy>Carlos</createdBy>
<createdTime>2024-09-02 20:50:24 UTC</createdTime>
<generatorID>4FA023D8-FADD-3369-911A-0A846597D3F4</generatorID>
<ownerDesignName>servicios automotrices</ownerDesignName>
<nullsAllowed>true</nullsAllowed>
<useDomainConstraints>false</useDomainConstraints>
<use>1</use>
<logicalDatatype>LOGDT007</logicalDatatype>
<ownDataTypeParameters>,,</ownDataTypeParameters>
<autoIncrementCycle>false</autoIncrementCycle>
</Column>
<Column name="fecha_estimada_entrega" id="B28D8C55-4D91-F90A-3D9C-0CE3BE7E3A87">
<createdBy>Carlos</createdBy>
<createdTime>2024-09-02 20:50:24 UTC</createdTime>
<generatorID>942103F1-372B-F2D6-EF09-6D8DB63081DC</generatorID>
<ownerDesignName>servicios automotrices</ownerDesignName>
<nullsAllowed>true</nullsAllowed>
<useDomainConstraints>false</useDomainConstraints>
<use>1</use>
<logicalDatatype>LOGDT007</logicalDatatype>
<ownDataTypeParameters>,,</ownDataTypeParameters>
<autoIncrementCycle>false</autoIncrementCycle>
</Column>
<Column name="estado" id="33818EFA-BC2D-2A77-28FA-F173D4D16C69">
<createdBy>Carlos</createdBy>
<createdTime>2024-09-02 20:50:24 UTC</createdTime>
<generatorID>E9CE03A7-95FD-693F-1F0E-6BE7F32E2AC1</generatorID>
<ownerDesignName>servicios automotrices</ownerDesignName>
<nullsAllowed>true</nullsAllowed>
<useDomainConstraints>false</useDomainConstraints>
<use>1</use>
<logicalDatatype>LOGDT024</logicalDatatype>
<dataTypeSize>20</dataTypeSize>
<ownDataTypeParameters>20,,</ownDataTypeParameters>
<autoIncrementCycle>false</autoIncrementCycle>
</Column>
<Column name="CLIENTE_rut" id="C9FC94F9-C388-8563-7589-FD7FF4491A29">
<createdBy>Carlos</createdBy>
<createdTime>2024-09-02 20:50:24 UTC</createdTime>
<generatorID>9647DE79-5DC1-A500-6DCA-CF39D9ABCEF9</generatorID>
<ownerDesignName>servicios automotrices</ownerDesignName>
<useDomainConstraints>false</useDomainConstraints>
<use>1</use>
<logicalDatatype>LOGDT011</logicalDatatype>
<ownDataTypeParameters>,,</ownDataTypeParameters>
<previousColumn>false</previousColumn>
<autoIncrementCycle>false</autoIncrementCycle>
<associations>
<colAssociation fkAssociation="4F482345-20C1-966C-B406-8C319338BD98" referredColumn="AA87C4A3-CFFC-68FE-CAC9-880ACDBABDB5"/>
</associations>
</Column>
<Column name="VEHICULO_id_vehiculo" id="B93A73AB-3E78-C5AA-2F93-99F59DC9A066">
<createdBy>Carlos</createdBy>
<createdTime>2024-09-02 20:50:24 UTC</createdTime>
<generatorID>009B636C-D9DA-50BA-E87E-4D7057B84072</generatorID>
<ownerDesignName>servicios automotrices</ownerDesignName>
<useDomainConstraints>false</useDomainConstraints>
<use>1</use>
<logicalDatatype>LOGDT011</logicalDatatype>
<ownDataTypeParameters>,,</ownDataTypeParameters>
<previousColumn>false</previousColumn>
<autoIncrementCycle>false</autoIncrementCycle>
<associations>
<colAssociation fkAssociation="4F6B45B9-F19F-6B6C-E1F3-3B9A4CB5112B" referredColumn="28574CDC-C6C6-F7DD-86DB-3A8C5DA666A0"/>
</associations>
</Column>
</columns>
<indexes itemClass="oracle.dbtools.crest.model.design.relational.Index">
<ind_PK_UK id="7452A9D5-32DA-357C-2D54-CA5F8FF3D9D1" name="ORDEN_DE_ATENCION_PK">
<createdBy>Carlos</createdBy>
<createdTime>2024-09-02 20:50:24 UTC</createdTime>
<generatorID>965E9EE5-7FA6-D3CC-46C0-30B5634B1386</generatorID>
<ownerDesignName>servicios automotrices</ownerDesignName>
<pk>true</pk>
<indexState>Primary Constraint</indexState>
<isSurrogateKey>false</isSurrogateKey>
<indexColumnUsage>
<colUsage columnID="2FB4738E-F79D-AA7C-9A85-B0495AB4F752"/>
</indexColumnUsage>
</ind_PK_UK>
<ind_PK_UK id="D114CB59-CA04-F7E3-E4F4-E9B85021B931" name="ORDEN_DE_ATENCION_CLIENTE_FK">
<createdBy>Carlos</createdBy>
<createdTime>2024-09-02 20:50:24 UTC</createdTime>
<generatorID>EAF249DE-ED44-0204-B83D-819E580657B8</generatorID>
<ownerDesignName>servicios automotrices</ownerDesignName>
<indexState>Foreign Key</indexState>
<isSurrogateKey>false</isSurrogateKey>
<indexColumnUsage>
<colUsage columnID="C9FC94F9-C388-8563-7589-FD7FF4491A29"/>
</indexColumnUsage>
</ind_PK_UK>
<ind_PK_UK id="B899F420-621F-F8B1-49A8-A1E499DBBA5F" name="ORDEN_DE_ATENCION_VEHICULO_FK">
<createdBy>Carlos</createdBy>
<createdTime>2024-09-02 20:50:24 UTC</createdTime>
<generatorID>E165BF15-035A-C3B9-4FBD-98FC8F4BFA73</generatorID>
<ownerDesignName>servicios automotrices</ownerDesignName>
<indexState>Foreign Key</indexState>
<isSurrogateKey>false</isSurrogateKey>
<indexColumnUsage>
<colUsage columnID="B93A73AB-3E78-C5AA-2F93-99F59DC9A066"/>
</indexColumnUsage>
</ind_PK_UK>
</indexes>
</Table>