<?xml version = '1.0' encoding = 'UTF-8'?>
<FKIndexAssociation class="oracle.dbtools.crest.model.design.relational.FKIndexAssociation" directorySegmentName="seg_0" id="4F482345-20C1-966C-B406-8C319338BD98" containerWithKeyObject="8B3B5CF5-DB27-1E76-0238-E4FE428AF9B4" localFKIndex="D114CB59-CA04-F7E3-E4F4-E9B85021B931" name="ORDEN_DE_ATENCION_CLIENTE_FK">
<createdBy>Carlos</createdBy>
<createdTime>2024-09-02 20:50:24 UTC</createdTime>
<generatorID>EAF249DE-ED44-0204-B83D-819E580657B8</generatorID>
<ownerDesignName>servicios automotrices</ownerDesignName>
<referredTableLongName>CLIENTE</referredTableLongName>
<deleteRule>NO ACTION</deleteRule>
<referredTableID>3BD9B619-672D-DA3A-A6F3-7C87B28D6F02</referredTableID>
<keyObject>DEB035DE-5B80-E414-6AAB-65ABFCBB514B</keyObject>
<referredKeyID>DEB035DE-5B80-E414-6AAB-65ABFCBB514B</referredKeyID>
<mandatory>true</mandatory>
<refColNames>rut</refColNames>
<transferable>true</transferable>
<rely>false</rely>
<columnDependencyConstraintGenerateInDDL>true</columnDependencyConstraintGenerateInDDL>
</FKIndexAssociation>