<?xml version = '1.0' encoding = 'UTF-8'?>
<FKIndexAssociation class="oracle.dbtools.crest.model.design.relational.FKIndexAssociation" directorySegmentName="seg_0" id="54736CD4-3138-85F2-E6B2-08CB70D56EED" containerWithKeyObject="55926B51-66D7-0220-8B5A-8D8D0F706511" localFKIndex="035FFD9D-4219-50BE-0879-872EFF8D4ACF" name="RESPUESTO_SERVICIO_FK">
<createdBy>Carlos</createdBy>
<createdTime>2024-09-02 20:50:24 UTC</createdTime>
<generatorID>363200B8-A11A-6FC7-EF62-0E586846CF9F</generatorID>
<ownerDesignName>servicios automotrices</ownerDesignName>
<referredTableLongName>SERVICIO</referredTableLongName>
<deleteRule>NO ACTION</deleteRule>
<referredTableID>D8C791A1-458B-DDD6-45A6-68868C50BCA3</referredTableID>
<keyObject>648011C5-3AFE-0806-BC3E-B7FC5D8357C8</keyObject>
<referredKeyID>648011C5-3AFE-0806-BC3E-B7FC5D8357C8</referredKeyID>
<mandatory>true</mandatory>
<refColNames>id_servicio</refColNames>
<transferable>true</transferable>
<rely>false</rely>
<columnDependencyConstraintGenerateInDDL>true</columnDependencyConstraintGenerateInDDL>
</FKIndexAssociation>