<?xml version = '1.0' encoding = 'UTF-8'?>
<FKIndexAssociation class="oracle.dbtools.crest.model.design.relational.FKIndexAssociation" directorySegmentName="seg_0" id="B5532952-2C21-5174-8BC0-35760B4397CC" containerWithKeyObject="FAFFC9F4-F4DC-5231-62B5-4358C65F0686" localFKIndex="7C5B2ABE-03C9-3334-24B7-8EE077039BEC" name="VEHICULO_CLIENTE_FK">
<createdBy>Carlos</createdBy>
<createdTime>2024-09-02 20:50:24 UTC</createdTime>
<generatorID>AEE7DB54-F33E-B2BC-EB15-B63D0C933A6D</generatorID>
<ownerDesignName>servicios automotrices</ownerDesignName>
<referredTableLongName>CLIENTE</referredTableLongName>
<deleteRule>NO ACTION</deleteRule>
<referredTableID>3BD9B619-672D-DA3A-A6F3-7C87B28D6F02</referredTableID>
<keyObject>DEB035DE-5B80-E414-6AAB-65ABFCBB514B</keyObject>
<referredKeyID>DEB035DE-5B80-E414-6AAB-65ABFCBB514B</referredKeyID>
<mandatory>true</mandatory>
<refColNames>rut</refColNames>
<transferable>true</transferable>
<rely>false</rely>
<columnDependencyConstraintGenerateInDDL>true</columnDependencyConstraintGenerateInDDL>
</FKIndexAssociation>