<?xml version = '1.0' encoding = 'UTF-8'?>
<Entity class="oracle.dbtools.crest.model.design.logical.Entity" directorySegmentName="seg_0" id="18DB40BE-547F-A1A7-2371-637863E4E6CA" name="CLIENTE">
<createdBy>Carlos</createdBy>
<createdTime>2024-08-31 21:39:15 UTC</createdTime>
<ownerDesignName>servicios automotrices</ownerDesignName>
<engineerTo>
<item key="25BCEEE2-D686-7348-1202-8186DED6A726" value="true"/>
</engineerTo>
<adequatelyNormalized>NO</adequatelyNormalized>
<expectedVolumes>0</expectedVolumes>
<fwdEngineeringStrategyName>Single Table</fwdEngineeringStrategyName>
<growthPercent>0</growthPercent>
<growthType>Year</growthType>
<maxVolumes>9999999</maxVolumes>
<minVolumes>0</minVolumes>
<normalForm>Third</normalForm>
<attributes itemClass="oracle.dbtools.crest.model.design.logical.Attribute">
<Attribute name="rut" id="C3744EEC-43A8-F236-256C-43D87F8BF7E3">
<createdBy>Carlos</createdBy>
<createdTime>2024-08-31 21:39:53 UTC</createdTime>
<ownerDesignName>servicios automotrices</ownerDesignName>
<engineerTo>
<item key="25BCEEE2-D686-7348-1202-8186DED6A726" value="true"/>
</engineerTo>
<useDomainConstraints>false</useDomainConstraints>
<use>1</use>
<logicalDatatype>LOGDT011</logicalDatatype>
<ownDataTypeParameters>,,</ownDataTypeParameters>
</Attribute>
<Attribute name="nombres" id="E814B92E-789D-7751-5B0C-E9BE10D64FCF">
<createdBy>Carlos</createdBy>
<createdTime>2024-08-31 21:40:11 UTC</createdTime>
<ownerDesignName>servicios automotrices</ownerDesignName>
<engineerTo>
<item key="25BCEEE2-D686-7348-1202-8186DED6A726" value="true"/>
</engineerTo>
<useDomainConstraints>false</useDomainConstraints>
<use>1</use>
<logicalDatatype>LOGDT024</logicalDatatype>
<dataTypeSize>20</dataTypeSize>
<ownDataTypeParameters>20,,</ownDataTypeParameters>
</Attribute>
<Attribute name="apellidos" id="8CC604C8-EDDA-52DE-AEAD-BA82C2A369B9">
<createdBy>Carlos</createdBy>
<createdTime>2024-08-31 21:40:32 UTC</createdTime>
<ownerDesignName>servicios automotrices</ownerDesignName>
<engineerTo>
<item key="25BCEEE2-D686-7348-1202-8186DED6A726" value="true"/>
</engineerTo>
<useDomainConstraints>false</useDomainConstraints>
<use>1</use>
<logicalDatatype>LOGDT024</logicalDatatype>
<dataTypeSize>20</dataTypeSize>
<ownDataTypeParameters>20,,</ownDataTypeParameters>
</Attribute>
<Attribute name="domicilio" id="8A44C755-1B0B-7271-CBBE-EB0AE788BA35">
<createdBy>Carlos</createdBy>
<createdTime>2024-08-31 21:40:45 UTC</createdTime>
<ownerDesignName>servicios automotrices</ownerDesignName>
<engineerTo>
<item key="25BCEEE2-D686-7348-1202-8186DED6A726" value="true"/>
</engineerTo>
<useDomainConstraints>false</useDomainConstraints>
<use>1</use>
<logicalDatatype>LOGDT024</logicalDatatype>
<dataTypeSize>30</dataTypeSize>
<ownDataTypeParameters>30,,</ownDataTypeParameters>
</Attribute>
<Attribute name="contacto" id="4C350CCF-1000-68E9-7BBC-06EFAB22DB63">
<createdBy>Carlos</createdBy>
<createdTime>2024-08-31 21:41:02 UTC</createdTime>
<ownerDesignName>servicios automotrices</ownerDesignName>
<engineerTo>
<item key="25BCEEE2-D686-7348-1202-8186DED6A726" value="true"/>
</engineerTo>
<nullsAllowed>true</nullsAllowed>
<useDomainConstraints>false</useDomainConstraints>
<use>1</use>
<logicalDatatype>LOGDT024</logicalDatatype>
<ownDataTypeParameters>,,</ownDataTypeParameters>
</Attribute>
</attributes>
<identifiers itemClass="oracle.dbtools.crest.model.design.logical.CandidateKey">
<identifier id="A1AAA21D-34BB-01AB-341B-B44EAD92A431" name="cliente PK">
<createdBy>Carlos</createdBy>
<createdTime>2024-08-31 21:39:41 UTC</createdTime>
<ownerDesignName>servicios automotrices</ownerDesignName>
<engineerTo>
<item key="25BCEEE2-D686-7348-1202-8186DED6A726" value="true"/>
</engineerTo>
<pk>true</pk>
<usedAttributes>
<attributeRef>C3744EEC-43A8-F236-256C-43D87F8BF7E3</attributeRef>
</usedAttributes>
</identifier>
</identifiers>
</Entity>