<?xml version = '1.0' encoding = 'UTF-8'?>
<Entity class="oracle.dbtools.crest.model.design.logical.Entity" directorySegmentName="seg_0" id="3368772F-6F5C-9E7A-EE0B-3A43EC3E761C" name="RESPUESTO">
<createdBy>Carlos</createdBy>
<createdTime>2024-09-02 18:18:10 UTC</createdTime>
<ownerDesignName>servicios automotrices</ownerDesignName>
<engineerTo>
<item key="25BCEEE2-D686-7348-1202-8186DED6A726" value="true"/>
</engineerTo>
<adequatelyNormalized>NO</adequatelyNormalized>
<expectedVolumes>0</expectedVolumes>
<fwdEngineeringStrategyName>Single Table</fwdEngineeringStrategyName>
<growthPercent>0</growthPercent>
<growthType>Year</growthType>
<maxVolumes>9999999</maxVolumes>
<minVolumes>0</minVolumes>
<normalForm>Third</normalForm>
<attributes itemClass="oracle.dbtools.crest.model.design.logical.Attribute">
<Attribute name="id_repuesto" id="4CC2E51B-7F73-3305-07DF-187FF73D417E">
<createdBy>Carlos</createdBy>
<createdTime>2024-09-02 18:18:10 UTC</createdTime>
<ownerDesignName>servicios automotrices</ownerDesignName>
<engineerTo>
<item key="25BCEEE2-D686-7348-1202-8186DED6A726" value="true"/>
</engineerTo>
<useDomainConstraints>false</useDomainConstraints>
<use>1</use>
<logicalDatatype>LOGDT011</logicalDatatype>
<ownDataTypeParameters>,,</ownDataTypeParameters>
</Attribute>
<Attribute name="descripcion" id="8BAF7951-26A2-65CB-35E9-0E678FA408B7">
<createdBy>Carlos</createdBy>
<createdTime>2024-09-02 18:18:10 UTC</createdTime>
<ownerDesignName>servicios automotrices</ownerDesignName>
<engineerTo>
<item key="25BCEEE2-D686-7348-1202-8186DED6A726" value="true"/>
</engineerTo>
<nullsAllowed>true</nullsAllowed>
<useDomainConstraints>false</useDomainConstraints>
<use>1</use>
<logicalDatatype>LOGDT024</logicalDatatype>
<dataTypeSize>30</dataTypeSize>
<ownDataTypeParameters>30,,</ownDataTypeParameters>
</Attribute>
<Attribute name="costo" id="39E5C4BA-2513-952F-A16E-4E041E5F8826">
<createdBy>Carlos</createdBy>
<createdTime>2024-09-02 18:18:10 UTC</createdTime>
<ownerDesignName>servicios automotrices</ownerDesignName>
<engineerTo>
<item key="25BCEEE2-D686-7348-1202-8186DED6A726" value="true"/>
</engineerTo>
<nullsAllowed>true</nullsAllowed>
<useDomainConstraints>false</useDomainConstraints>
<use>1</use>
<logicalDatatype>LOGDT011</logicalDatatype>
<ownDataTypeParameters>,,</ownDataTypeParameters>
</Attribute>
<Attribute name="id_servicio" id="6369414A-30C0-6818-9230-7CFAACFE2E5C">
<createdBy>Carlos</createdBy>
<createdTime>2024-09-02 18:21:19 UTC</createdTime>
<generatorID>363200B8-A11A-6FC7-EF62-0E586846CF9F</generatorID>
<ownerDesignName>servicios automotrices</ownerDesignName>
<engineerTo>
<item key="25BCEEE2-D686-7348-1202-8186DED6A726" value="true"/>
</engineerTo>
<referedAttribute>8FED2588-D2A9-3B2F-680C-35DB965D40DC</referedAttribute>
<useDomainConstraints>false</useDomainConstraints>
<use>1</use>
<logicalDatatype>LOGDT011</logicalDatatype>
<ownDataTypeParameters>,,</ownDataTypeParameters>
</Attribute>
</attributes>
<identifiers itemClass="oracle.dbtools.crest.model.design.logical.CandidateKey">
<identifier id="ECDF72AF-063A-1E62-F2ED-33066293F121" name="SERVICIO PK">
<createdBy>Carlos</createdBy>
<createdTime>2024-09-02 18:18:10 UTC</createdTime>
<ownerDesignName>servicios automotrices</ownerDesignName>
<engineerTo>
<item key="25BCEEE2-D686-7348-1202-8186DED6A726" value="true"/>
</engineerTo>
<pk>true</pk>
<usedAttributes>
<attributeRef>4CC2E51B-7F73-3305-07DF-187FF73D417E</attributeRef>
</usedAttributes>
</identifier>
</identifiers>
</Entity>